amount,is_active_call,is_foreign_call,is_screen_sharing,is_sim_changed_24h,nlp_coercion_score,is_fraud
40135.81,1,1,1,1,0.78,1
3126.54,0,0,0,0,0.09,0
2213.9,0,0,0,0,0.09,0
1617.77,0,0,0,0,0.13,0
3825.68,0,0,0,0,0.07,0
3994.1,0,0,0,0,0.18,0
5629.7,0,0,0,0,0.19,0
75815.69,1,1,1,0,0.9,1
2470.71,0,0,0,0,0.06,0
1763.77,0,0,0,0,0.04,0
1546.63,0,0,0,0,0.19,0
7234.78,0,0,0,0,0.1,0
1436.46,0,0,0,0,0.1,0
7029.71,0,0,0,0,0.07,0
7424.22,0,0,0,0,0.18,0
1709.76,0,0,0,0,0.07,0
2283.53,0,0,0,0,0.02,0
3619.99,0,0,0,0,0.11,0
31285.15,1,1,1,0,0.98,1
55838.27,1,1,1,0,0.96,1
1097.25,0,0,0,0,0.14,0
56003.92,1,1,1,0,0.95,1
74402.27,0,0,1,0,0.92,1
3074.44,0,0,0,0,0.0,0
85493.7,1,1,1,1,0.87,1
4252.79,0,0,0,0,0.16,0
2216.75,0,0,0,0,0.06,0
1764.42,0,0,0,0,0.17,0
1154.55,0,0,0,0,0.01,0
4949.92,0,0,0,0,0.01,0
2534.81,0,0,0,0,0.13,0
5396.97,0,0,0,0,0.08,0
1201.74,0,0,0,0,0.13,0
2822.75,0,0,0,0,0.16,0
7819.95,0,0,0,0,0.04,0
3498.34,0,0,0,0,0.1,0
87835.9,1,1,1,1,0.97,1
2289.65,0,0,0,0,0.19,0
1290.69,0,0,0,0,0.07,0
6668.09,0,0,0,0,0.03,0
5020.61,0,0,0,0,0.12,0
88338.56,1,1,1,0,0.76,1
566.45,0,0,0,0,0.09,0
2965.48,0,0,0,0,0.13,0
4319.51,0,0,0,0,0.19,0
10434.71,0,0,0,0,0.03,0
4000.02,0,0,0,0,0.16,0
954.2,0,0,0,0,0.04,0
2274.81,0,0,0,0,0.14,0
50093.31,1,1,1,0,0.95,1
6485.79,0,0,0,0,0.09,0
7096.35,0,0,0,0,0.08,0
494.4,0,0,0,0,0.17,0
1395.45,0,0,0,0,0.13,0
2117.87,0,0,0,0,0.0,0
25590.66,1,1,0,1,0.88,1
500.27,0,0,0,0,0.07,0
84123.7,0,0,1,0,0.91,1
4246.71,0,0,0,0,0.11,0
1214.47,0,0,0,0,0.03,0
1609.9,0,0,0,0,0.13,0
2223.06,0,0,0,0,0.12,0
28549.67,1,1,1,0,0.75,1
3324.59,0,0,0,0,0.01,0
30937.96,1,1,1,0,0.93,1
84481.4,1,1,0,0,0.94,1
3589.35,0,0,0,0,0.1,0
3304.96,0,0,0,0,0.14,0
3548.72,0,0,0,0,0.14,0
3769.52,0,0,0,0,0.17,0
2287.49,0,0,0,0,0.09,0
2175.13,0,0,0,0,0.16,0
2057.6,0,0,0,0,0.19,0
615.99,0,0,0,0,0.1,0
2048.88,0,0,0,0,0.02,0
1938.23,0,0,0,0,0.06,0
58319.99,1,1,0,0,0.77,1
1577.24,0,0,0,0,0.16,0
635.52,0,0,0,0,0.01,0
40707.83,1,1,1,0,0.84,1
9829.25,0,0,0,0,0.14,0
2456.67,0,0,0,0,0.08,0
1258.88,0,0,0,0,0.12,0
3799.02,0,0,0,0,0.01,0
44709.29,1,0,0,0,0.87,1
1998.93,0,0,0,0,0.09,0
54921.39,1,1,1,1,0.9,1
3036.04,0,0,0,0,0.06,0
1251.06,0,0,0,0,0.05,0
71829.69,1,0,1,0,0.95,1
1734.45,0,0,0,0,0.08,0
47552.33,1,1,0,0,0.9,1
2122.73,0,0,0,0,0.12,0
2686.65,0,0,0,0,0.08,0
66532.6,1,1,1,0,0.89,1
51596.87,1,1,1,0,0.87,1
5317.77,0,0,0,0,0.18,0
2598.75,0,0,0,0,0.13,0
3860.85,0,0,0,0,0.08,0
67010.15,1,1,0,1,0.93,1
797.12,0,0,0,0,0.19,0
5682.85,0,0,0,0,0.19,0
1662.52,0,0,0,0,0.14,0
3046.21,0,0,0,0,0.11,0
3862.64,0,0,0,0,0.15,0
3304.38,0,0,0,0,0.12,0
1914.74,0,0,0,0,0.08,0
602.6,0,0,0,0,0.11,0
2010.91,0,0,0,0,0.1,0
2196.75,0,0,0,0,0.03,0
3763.33,0,0,0,0,0.13,0
846.83,0,0,0,0,0.18,0
4584.93,0,0,0,0,0.06,0
30757.59,1,1,0,0,0.86,1
2605.38,0,0,0,0,0.1,0
1753.4,0,0,0,0,0.13,0
1972.35,0,0,0,0,0.01,0
7385.98,0,0,0,0,0.06,0
6238.9,0,0,0,0,0.1,0
81183.81,1,1,1,0,0.96,1
80790.99,1,0,1,0,0.91,1
2892.71,0,0,0,0,0.14,0
4440.15,0,0,0,0,0.16,0
7237.11,0,0,0,0,0.15,0
1779.2,0,0,0,0,0.2,0
711.74,0,0,0,0,0.19,0
2962.87,0,0,0,0,0.19,0
701.42,0,0,0,0,0.11,0
2918.36,0,0,0,0,0.02,0
1916.52,0,0,0,0,0.14,0
31780.35,1,1,1,1,0.92,1
75432.02,0,0,1,1,0.95,1
903.04,0,0,0,0,0.19,0
2842.01,0,0,0,0,0.2,0
4607.37,0,0,0,0,0.08,0
3504.78,0,0,0,0,0.13,0
31622.12,1,1,1,1,0.96,1
28205.08,0,0,0,0,0.81,1
86644.02,1,1,1,1,0.85,1
1491.67,0,0,0,0,0.14,0
4957.56,0,0,0,0,0.15,0
3743.72,0,0,0,0,0.03,0
82682.59,1,0,1,1,0.94,1
1246.83,0,0,0,0,0.1,0
1631.2,0,0,0,0,0.17,0
1549.05,0,0,0,0,0.09,0
5865.62,0,0,0,0,0.03,0
2578.71,0,0,0,0,0.1,0
5799.53,0,0,0,0,0.08,0
1330.43,0,0,0,0,0.11,0
25401.95,1,1,1,0,0.88,1
5312.68,0,0,0,0,0.04,0
2738.07,0,0,0,0,0.08,0
1201.14,0,0,0,0,0.06,0
654.57,0,0,0,0,0.05,0
1852.32,0,0,0,0,0.11,0
1578.91,0,0,0,0,0.01,0
54433.61,1,1,1,0,0.99,1
2964.88,0,0,0,0,0.15,0
36645.65,1,1,1,0,0.78,1
3128.98,0,0,0,0,0.02,0
1664.8,0,0,0,0,0.08,0
1360.83,0,0,0,0,0.18,0
984.92,0,0,0,0,0.02,0
45518.45,1,1,0,0,0.79,1
5950.08,0,0,0,0,0.07,0
49993.53,1,0,1,0,0.91,1
1613.38,0,0,0,0,0.02,0
3212.71,0,0,0,0,0.19,0
59196.11,1,0,1,0,0.89,1
484.5,0,0,0,0,0.15,0
2790.61,0,0,0,0,0.19,0
29293.6,1,1,1,0,0.92,1
77755.76,1,1,1,0,0.83,1
2807.03,0,0,0,0,0.11,0
599.96,0,0,0,0,0.19,0
8575.31,0,0,0,0,0.06,0
4312.69,0,0,0,0,0.12,0
4201.49,0,0,0,0,0.1,0
75341.56,1,0,1,0,0.79,1
3504.54,0,0,0,0,0.19,0
6448.47,0,0,0,0,0.02,0
77008.94,1,0,1,1,0.87,1
643.61,0,0,0,0,0.19,0
1156.71,0,0,0,0,0.15,0
6814.63,0,0,0,0,0.11,0
37128.36,1,1,1,0,0.83,1
25683.36,1,1,0,0,0.85,1
6408.13,0,0,0,0,0.13,0
1597.24,0,0,0,0,0.03,0
3930.82,0,0,0,0,0.08,0
1549.54,0,0,0,0,0.0,0
1467.31,0,0,0,0,0.05,0
5289.28,0,0,0,0,0.17,0
3283.17,0,0,0,0,0.1,0
1318.32,0,0,0,0,0.06,0
3387.31,0,0,0,0,0.01,0
1059.82,0,0,0,0,0.03,0
8527.81,0,0,0,0,0.01,0
1001.21,0,0,0,0,0.19,0
31903.9,1,0,1,0,0.9,1
2943.74,0,0,0,0,0.06,0
1691.73,0,0,0,0,0.12,0
2080.2,0,0,0,0,0.15,0
598.09,0,0,0,0,0.16,0
2683.87,0,0,0,0,0.05,0
1371.78,0,0,0,0,0.06,0
512.35,0,0,0,0,0.04,0
2169.14,0,0,0,0,0.08,0
2963.46,0,0,0,0,0.09,0
45864.81,1,1,1,0,0.79,1
3380.99,0,0,0,0,0.18,0
1356.1,0,0,0,0,0.04,0
2376.83,0,0,0,0,0.08,0
6702.91,0,0,0,0,0.17,0
48834.13,1,1,1,1,0.9,1
3356.57,0,0,0,0,0.05,0
1075.63,0,0,0,0,0.07,0
2288.37,0,0,0,0,0.18,0
4816.54,0,0,0,0,0.14,0
3432.29,0,0,0,0,0.05,0
2348.8,0,0,0,0,0.19,0
1616.52,0,0,0,0,0.12,0
1824.69,0,0,0,0,0.0,0
39134.44,1,1,1,0,0.99,1
67262.17,0,0,1,1,0.89,1
3572.34,0,0,0,0,0.12,0
4699.9,0,0,0,0,0.15,0
55401.84,1,0,1,1,0.79,1
3563.74,0,0,0,0,0.2,0
27596.62,1,1,1,0,0.91,1
1466.48,0,0,0,0,0.07,0
87326.67,1,1,1,1,0.91,1
3838.82,0,0,0,0,0.19,0
88917.15,1,0,1,0,0.77,1
1799.17,0,0,0,0,0.02,0
3461.35,0,0,0,0,0.14,0
4270.42,0,0,0,0,0.05,0
3249.19,0,0,0,0,0.07,0
2962.8,0,0,0,0,0.12,0
2618.33,0,0,0,0,0.11,0
1790.32,0,0,0,0,0.19,0
4062.65,0,0,0,0,0.08,0
1428.42,0,0,0,0,0.13,0
3248.09,0,0,0,0,0.12,0
2473.47,0,0,0,0,0.07,0
2247.99,0,0,0,0,0.2,0
53543.49,1,1,0,0,0.92,1
443.78,0,0,0,0,0.08,0
5059.33,0,0,0,0,0.08,0
2455.95,0,0,0,0,0.14,0
1596.42,0,0,0,0,0.12,0
2341.85,0,0,0,0,0.01,0
4755.01,0,0,0,0,0.11,0
7502.74,0,0,0,0,0.01,0
436.78,0,0,0,0,0.2,0
2187.38,0,0,0,0,0.11,0
928.44,0,0,0,0,0.02,0
55371.96,1,0,1,0,0.84,1
553.86,0,0,0,0,0.04,0
710.22,0,0,0,0,0.07,0
64674.44,1,1,0,1,0.86,1
1578.24,0,0,0,0,0.12,0
3878.03,0,0,0,0,0.18,0
2796.51,0,0,0,0,0.18,0
1199.17,0,0,0,0,0.2,0
553.77,0,0,0,0,0.01,0
1223.1,0,0,0,0,0.19,0
789.27,0,0,0,0,0.13,0
5926.53,0,0,0,0,0.18,0
3093.73,0,0,0,0,0.16,0
54187.45,1,1,1,0,0.83,1
1660.86,0,0,0,0,0.06,0
43907.0,1,1,1,0,0.8,1
82904.09,0,0,1,0,0.9,1
27586.81,1,0,1,1,0.83,1
4215.18,0,0,0,0,0.07,0
4940.49,0,0,0,0,0.14,0
699.76,0,0,0,0,0.0,0
3582.57,0,0,0,0,0.16,0
78419.56,1,1,1,0,0.79,1
4037.83,0,0,0,0,0.02,0
2460.02,0,0,0,0,0.03,0
879.87,0,0,0,0,0.14,0
4032.23,0,0,0,0,0.07,0
3088.91,0,0,0,0,0.14,0
1391.12,0,0,0,0,0.15,0
43688.23,1,0,1,0,0.87,1
4167.18,0,0,0,0,0.06,0
799.06,0,0,0,0,0.05,0
1052.94,0,0,0,0,0.07,0
2093.32,0,0,0,0,0.0,0
2512.33,0,0,0,0,0.1,0
81092.38,1,1,1,0,0.83,1
3449.36,0,0,0,0,0.18,0
6068.02,0,0,0,0,0.01,0
6458.61,0,0,0,0,0.08,0
39771.97,1,1,1,0,0.86,1
70601.74,1,1,0,0,0.87,1
3625.74,0,0,0,0,0.17,0
3891.05,0,0,0,0,0.16,0
1213.48,0,0,0,0,0.09,0
42881.43,1,1,1,0,0.88,1
4583.13,0,0,0,0,0.09,0
3990.7,0,0,0,0,0.12,0
89848.7,1,1,0,0,0.91,1
1014.15,0,0,0,0,0.19,0
1172.68,0,0,0,0,0.04,0
2396.98,0,0,0,0,0.13,0
3215.49,0,0,0,0,0.14,0
557.36,0,0,0,0,0.19,0
60731.62,1,1,1,0,0.76,1
2277.16,0,0,0,0,0.03,0
2565.85,0,0,0,0,0.16,0
3516.69,0,0,0,0,0.18,0
3922.42,0,0,0,0,0.11,0
3542.14,0,0,0,0,0.15,0
7366.07,0,0,0,0,0.04,0
38880.29,1,1,1,1,0.81,1
6921.06,0,0,0,0,0.12,0
2537.23,0,0,0,0,0.19,0
53571.59,1,0,1,0,0.8,1
969.19,0,0,0,0,0.14,0
2779.43,0,0,0,0,0.0,0
3611.53,0,0,0,0,0.16,0
7254.82,0,0,0,0,0.06,0
70284.78,1,1,1,1,0.97,1
3088.16,0,0,0,0,0.19,0
38259.65,1,1,1,0,0.81,1
2101.49,0,0,0,0,0.03,0
1545.23,0,0,0,0,0.14,0
5690.23,0,0,0,0,0.12,0
2606.53,0,0,0,0,0.12,0
1888.48,0,0,0,0,0.02,0
1844.26,0,0,0,0,0.16,0
77648.62,1,0,1,1,0.89,1
1190.71,0,0,0,0,0.01,0
5654.82,0,0,0,0,0.1,0
2322.47,0,0,0,0,0.09,0
31009.22,1,0,0,0,0.79,1
2605.97,0,0,0,0,0.07,0
1303.82,0,0,0,0,0.02,0
29893.12,1,0,1,1,0.76,1
3361.29,0,0,0,0,0.13,0
1559.34,0,0,0,0,0.13,0
57626.45,1,1,1,0,0.78,1
7523.63,0,0,0,0,0.15,0
67077.24,1,0,1,0,0.75,1
3586.65,0,0,0,0,0.18,0
4665.72,0,0,0,0,0.17,0
4534.7,0,0,0,0,0.16,0
3335.65,0,0,0,0,0.16,0
2112.82,0,0,0,0,0.09,0
70315.81,1,1,1,1,0.81,1
1058.58,0,0,0,0,0.06,0
4922.77,0,0,0,0,0.08,0
38713.04,1,1,1,0,0.8,1
87852.95,1,0,0,0,0.98,1
9409.42,0,0,0,0,0.13,0
4079.38,0,0,0,0,0.03,0
1628.38,0,0,0,0,0.19,0
2632.67,0,0,0,0,0.14,0
2006.63,0,0,0,0,0.14,0
1315.35,0,0,0,0,0.19,0
1646.51,0,0,0,0,0.08,0
1889.8,0,0,0,0,0.02,0
51366.94,1,0,1,0,0.93,1
2334.6,0,0,0,0,0.0,0
1393.97,0,0,0,0,0.01,0
2415.49,0,0,0,0,0.11,0
2253.07,0,0,0,0,0.19,0
37941.07,1,1,1,0,0.92,1
2553.45,0,0,0,0,0.19,0
40488.83,1,1,1,0,0.77,1
3390.59,0,0,0,0,0.1,0
2460.22,0,0,0,0,0.08,0
2240.04,0,0,0,0,0.14,0
50641.16,1,0,1,0,0.91,1
79273.3,0,0,0,0,0.9,1
896.58,0,0,0,0,0.17,0
3494.25,0,0,0,0,0.11,0
1772.99,0,0,0,0,0.04,0
3527.3,0,0,0,0,0.17,0
43115.13,1,1,1,0,0.76,1
2991.34,0,0,0,0,0.01,0
3678.48,0,0,0,0,0.19,0
2952.37,0,0,0,0,0.02,0
2207.21,0,0,0,0,0.02,0
918.09,0,0,0,0,0.13,0
1050.79,0,0,0,0,0.0,0
53906.33,1,0,1,0,0.86,1
75927.6,1,1,1,0,0.78,1
1119.8,0,0,0,0,0.09,0
3604.47,0,0,0,0,0.01,0
2485.58,0,0,0,0,0.12,0
2443.34,0,0,0,0,0.04,0
5944.64,0,0,0,0,0.09,0
57792.69,1,0,1,0,0.79,1
1268.12,0,0,0,0,0.05,0
789.32,0,0,0,0,0.16,0
4135.51,0,0,0,0,0.07,0
2818.33,0,0,0,0,0.19,0
3371.82,0,0,0,0,0.1,0
1386.0,0,0,0,0,0.08,0
1226.46,0,0,0,0,0.15,0
3182.97,0,0,0,0,0.17,0
62230.07,1,0,1,1,0.86,1
2330.77,0,0,0,0,0.08,0
350.42,0,0,0,0,0.17,0
4148.48,0,0,0,0,0.16,0
3637.17,0,0,0,0,0.14,0
3210.63,0,0,0,0,0.03,0
41096.06,1,1,1,1,0.85,1
3690.23,0,0,0,0,0.15,0
3169.84,0,0,0,0,0.12,0
3414.87,0,0,0,0,0.1,0
2445.74,0,0,0,0,0.08,0
1810.61,0,0,0,0,0.05,0
1725.97,0,0,0,0,0.11,0
64476.09,1,1,1,0,0.82,1
3486.2,0,0,0,0,0.11,0
6827.62,0,0,0,0,0.05,0
2374.62,0,0,0,0,0.09,0
2817.83,0,0,0,0,0.06,0
2137.73,0,0,0,0,0.12,0
33695.58,0,0,1,0,0.78,1
3849.22,0,0,0,0,0.07,0
3622.48,0,0,0,0,0.1,0
781.74,0,0,0,0,0.17,0
1746.8,0,0,0,0,0.19,0
931.48,0,0,0,0,0.13,0
1370.87,0,0,0,0,0.06,0
3962.56,0,0,0,0,0.07,0
7000.88,0,0,0,0,0.07,0
71495.95,1,1,1,1,0.82,1
60787.09,1,1,1,1,0.98,1
2938.45,0,0,0,0,0.07,0
3044.18,0,0,0,0,0.1,0
5232.45,0,0,0,0,0.17,0
828.83,0,0,0,0,0.15,0
2821.52,0,0,0,0,0.15,0
4264.03,0,0,0,0,0.09,0
1088.95,0,0,0,0,0.05,0
5236.67,0,0,0,0,0.2,0
2102.14,0,0,0,0,0.08,0
5937.77,0,0,0,0,0.14,0
4730.95,0,0,0,0,0.13,0
2105.78,0,0,0,0,0.19,0
2660.67,0,0,0,0,0.17,0
786.8,0,0,0,0,0.0,0
412.59,0,0,0,0,0.17,0
2558.62,0,0,0,0,0.12,0
2207.95,0,0,0,0,0.15,0
3784.31,0,0,0,0,0.07,0
85303.47,1,1,1,1,0.99,1
88169.94,1,0,1,0,0.94,1
1870.09,0,0,0,0,0.16,0
42775.84,1,0,1,1,0.86,1
3862.33,0,0,0,0,0.11,0
2905.24,0,0,0,0,0.14,0
1435.92,0,0,0,0,0.06,0
2153.38,0,0,0,0,0.06,0
2556.04,0,0,0,0,0.11,0
2637.83,0,0,0,0,0.03,0
2538.69,0,0,0,0,0.05,0
2996.57,0,0,0,0,0.2,0
4317.92,0,0,0,0,0.09,0
2559.82,0,0,0,0,0.06,0
6415.0,0,0,0,0,0.18,0
5311.84,0,0,0,0,0.15,0
2470.73,0,0,0,0,0.12,0
1836.5,0,0,0,0,0.14,0
2933.03,0,0,0,0,0.11,0
1115.0,0,0,0,0,0.03,0
34282.93,0,0,1,0,0.86,1
1770.33,0,0,0,0,0.06,0
883.81,0,0,0,0,0.13,0
2913.64,0,0,0,0,0.01,0
2228.9,0,0,0,0,0.08,0
3368.12,0,0,0,0,0.14,0
45334.22,1,1,1,0,0.76,1
4528.22,0,0,0,0,0.17,0
4953.46,0,0,0,0,0.14,0
3182.46,0,0,0,0,0.0,0
1745.08,0,0,0,0,0.01,0
4040.03,0,0,0,0,0.17,0
2736.58,0,0,0,0,0.13,0
630.93,0,0,0,0,0.19,0
3422.29,0,0,0,0,0.03,0
2542.57,0,0,0,0,0.17,0
2399.16,0,0,0,0,0.09,0
515.53,0,0,0,0,0.2,0
77517.23,1,1,0,1,0.82,1
3324.83,0,0,0,0,0.17,0
3810.17,0,0,0,0,0.19,0
4184.67,0,0,0,0,0.03,0
2053.42,0,0,0,0,0.16,0
6895.14,0,0,0,0,0.19,0
29469.0,1,1,1,0,0.76,1
3887.83,0,0,0,0,0.12,0
39584.89,1,1,1,0,0.85,1
3253.57,0,0,0,0,0.15,0
5689.4,0,0,0,0,0.2,0
1822.62,0,0,0,0,0.11,0
55882.04,1,1,1,0,0.94,1
48549.08,0,0,1,0,0.84,1
3704.78,0,0,0,0,0.1,0
2258.96,0,0,0,0,0.04,0
78715.37,1,0,1,1,0.75,1
5358.9,0,0,0,0,0.18,0
3783.77,0,0,0,0,0.05,0
4603.07,0,0,0,0,0.06,0
238.67,0,0,0,0,0.19,0
3928.96,0,0,0,0,0.08,0
32407.78,1,1,1,0,0.94,1
26420.04,1,1,1,0,0.87,1
4860.76,0,0,0,0,0.14,0
2406.59,0,0,0,0,0.19,0
2492.42,0,0,0,0,0.14,0
2379.5,0,0,0,0,0.01,0
58221.1,1,1,1,0,0.83,1
2167.9,0,0,0,0,0.04,0
64979.53,1,1,1,1,0.88,1
5385.3,0,0,0,0,0.1,0
2747.23,0,0,0,0,0.1,0
664.47,0,0,0,0,0.04,0
1965.27,0,0,0,0,0.1,0
323.59,0,0,0,0,0.07,0
1741.97,0,0,0,0,0.07,0
4010.45,0,0,0,0,0.05,0
5669.16,0,0,0,0,0.09,0
26601.89,1,1,1,0,0.96,1
2800.89,0,0,0,0,0.1,0
1463.32,0,0,0,0,0.13,0
4545.81,0,0,0,0,0.04,0
84222.83,1,1,1,0,0.89,1
2508.53,0,0,0,0,0.08,0
2290.14,0,0,0,0,0.16,0
3100.81,0,0,0,0,0.01,0
37512.05,0,0,1,1,0.86,1
3057.14,0,0,0,0,0.01,0
5178.63,0,0,0,0,0.15,0
1420.52,0,0,0,0,0.1,0
905.67,0,0,0,0,0.16,0
3174.42,0,0,0,0,0.09,0
6890.39,0,0,0,0,0.19,0
1444.12,0,0,0,0,0.04,0
28357.73,1,1,0,0,0.95,1
50028.77,1,1,1,0,0.85,1
45598.77,1,1,1,1,0.84,1
1043.71,0,0,0,0,0.01,0
1618.86,0,0,0,0,0.11,0
1771.01,0,0,0,0,0.15,0
3014.59,0,0,0,0,0.07,0
3399.4,0,0,0,0,0.01,0
3526.89,0,0,0,0,0.05,0
70173.06,1,1,1,0,0.95,1
25638.79,1,1,0,0,0.85,1
6105.28,0,0,0,0,0.18,0
82053.71,1,1,1,0,0.86,1
3138.33,0,0,0,0,0.11,0
78332.99,1,0,1,0,0.79,1
2149.9,0,0,0,0,0.12,0
1660.05,0,0,0,0,0.03,0
705.83,0,0,0,0,0.18,0
1642.67,0,0,0,0,0.08,0
88861.37,1,1,1,1,0.92,1
2228.44,0,0,0,0,0.12,0
1174.44,0,0,0,0,0.13,0
5186.11,0,0,0,0,0.2,0
3411.27,0,0,0,0,0.05,0
1113.58,0,0,0,0,0.04,0
1285.32,0,0,0,0,0.02,0
3807.59,0,0,0,0,0.09,0
1078.35,0,0,0,0,0.18,0
3473.72,0,0,0,0,0.08,0
1770.51,0,0,0,0,0.15,0
3098.48,0,0,0,0,0.16,0
56980.11,1,1,1,0,0.78,1
62858.28,1,1,0,0,0.89,1
1303.61,0,0,0,0,0.15,0
41777.0,1,1,1,1,0.9,1
5564.56,0,0,0,0,0.05,0
1610.22,0,0,0,0,0.03,0
5086.71,0,0,0,0,0.15,0
705.79,0,0,0,0,0.11,0
3087.38,0,0,0,0,0.11,0
36979.59,1,1,1,1,0.77,1
3898.96,0,0,0,0,0.17,0
7521.39,0,0,0,0,0.13,0
66061.96,1,1,1,1,0.91,1
429.06,0,0,0,0,0.08,0
28581.6,0,0,1,1,0.91,1
7946.38,0,0,0,0,0.11,0
40704.08,0,0,1,1,0.82,1
1608.31,0,0,0,0,0.04,0
916.83,0,0,0,0,0.15,0
68045.09,1,1,0,1,0.99,1
1251.51,0,0,0,0,0.04,0
1967.59,0,0,0,0,0.14,0
3921.42,0,0,0,0,0.12,0
3748.19,0,0,0,0,0.1,0
1573.02,0,0,0,0,0.12,0
3820.63,0,0,0,0,0.14,0
4349.05,0,0,0,0,0.17,0
1078.52,0,0,0,0,0.15,0
2600.93,0,0,0,0,0.04,0
1427.41,0,0,0,0,0.04,0
6863.67,0,0,0,0,0.14,0
76857.3,0,0,1,0,0.91,1
1416.12,0,0,0,0,0.2,0
3016.95,0,0,0,0,0.14,0
2958.69,0,0,0,0,0.15,0
6112.43,0,0,0,0,0.07,0
47296.74,1,1,0,0,0.9,1
3009.33,0,0,0,0,0.12,0
1010.17,0,0,0,0,0.19,0
1250.09,0,0,0,0,0.04,0
1381.52,0,0,0,0,0.07,0
5863.1,0,0,0,0,0.0,0
43135.54,1,0,1,0,0.88,1
3714.72,0,0,0,0,0.19,0
183.48,0,0,0,0,0.11,0
5270.27,0,0,0,0,0.01,0
36976.16,1,1,1,0,0.91,1
1388.67,0,0,0,0,0.16,0
8308.6,0,0,0,0,0.15,0
2995.05,0,0,0,0,0.1,0
6403.24,0,0,0,0,0.0,0
867.86,0,0,0,0,0.06,0
5838.83,0,0,0,0,0.16,0
64629.32,1,1,1,0,0.89,1
3524.86,0,0,0,0,0.11,0
4102.59,0,0,0,0,0.14,0
2609.27,0,0,0,0,0.11,0
5725.31,0,0,0,0,0.15,0
55159.05,1,1,1,0,0.97,1
70762.04,1,1,1,0,0.96,1
2327.6,0,0,0,0,0.08,0
4433.07,0,0,0,0,0.15,0
3168.95,0,0,0,0,0.13,0
3158.91,0,0,0,0,0.12,0
4577.65,0,0,0,0,0.1,0
67608.15,1,1,1,0,0.97,1
28325.76,1,1,1,0,0.95,1
88469.67,0,0,0,1,0.8,1
2699.68,0,0,0,0,0.05,0
10104.8,0,0,0,0,0.08,0
1878.77,0,0,0,0,0.19,0
2995.24,0,0,0,0,0.05,0
33389.63,1,1,1,0,0.98,1
323.27,0,0,0,0,0.18,0
3352.48,0,0,0,0,0.06,0
668.75,0,0,0,0,0.17,0
3663.71,0,0,0,0,0.14,0
2996.8,0,0,0,0,0.02,0
1252.8,0,0,0,0,0.01,0
28705.16,1,1,0,0,0.76,1
8598.6,0,0,0,0,0.12,0
5885.25,0,0,0,0,0.0,0
6411.07,0,0,0,0,0.04,0
2805.25,0,0,0,0,0.14,0
1836.68,0,0,0,0,0.1,0
2353.25,0,0,0,0,0.13,0
2633.44,0,0,0,0,0.18,0
41821.51,1,1,1,0,0.8,1
4317.94,0,0,0,0,0.01,0
62688.92,1,1,0,0,0.98,1
405.9,0,0,0,0,0.11,0
1855.78,0,0,0,0,0.12,0
1665.15,0,0,0,0,0.01,0
1463.29,0,0,0,0,0.16,0
1485.32,0,0,0,0,0.13,0
3519.03,0,0,0,0,0.08,0
3435.08,0,0,0,0,0.19,0
1716.55,0,0,0,0,0.13,0
2915.49,0,0,0,0,0.01,0
4488.89,0,0,0,0,0.02,0
1023.97,0,0,0,0,0.12,0
47255.68,1,1,1,0,0.86,1
1529.57,0,0,0,0,0.03,0
1349.42,0,0,0,0,0.1,0
1187.92,0,0,0,0,0.11,0
75189.88,1,0,1,0,0.8,1
35494.1,1,1,1,0,0.87,1
37523.97,1,1,1,0,0.83,1
1589.85,0,0,0,0,0.08,0
1422.35,0,0,0,0,0.08,0
3304.62,0,0,0,0,0.11,0
27558.52,1,1,1,1,0.78,1
4462.22,0,0,0,0,0.08,0
1727.66,0,0,0,0,0.04,0
1892.98,0,0,0,0,0.08,0
3859.71,0,0,0,0,0.03,0
1913.12,0,0,0,0,0.01,0
46627.42,1,1,0,0,0.77,1
1393.39,0,0,0,0,0.1,0
6358.97,0,0,0,0,0.1,0
1701.95,0,0,0,0,0.16,0
668.8,0,0,0,0,0.03,0
27234.5,1,0,0,0,0.9,1
66670.6,1,1,1,0,0.77,1
4634.43,0,0,0,0,0.01,0
69670.23,1,1,1,0,0.95,1
2775.27,0,0,0,0,0.19,0
6036.37,0,0,0,0,0.15,0
5082.42,0,0,0,0,0.12,0
1222.06,0,0,0,0,0.1,0
8703.11,0,0,0,0,0.05,0
4076.09,0,0,0,0,0.04,0
2725.71,0,0,0,0,0.19,0
7266.75,0,0,0,0,0.08,0
1496.68,0,0,0,0,0.06,0
4407.94,0,0,0,0,0.07,0
1829.89,0,0,0,0,0.15,0
1712.6,0,0,0,0,0.11,0
2015.1,0,0,0,0,0.2,0
2576.23,0,0,0,0,0.1,0
3078.97,0,0,0,0,0.02,0
913.77,0,0,0,0,0.03,0
1119.3,0,0,0,0,0.13,0
1103.51,0,0,0,0,0.01,0
1517.22,0,0,0,0,0.06,0
6454.63,0,0,0,0,0.04,0
2861.59,0,0,0,0,0.11,0
4184.12,0,0,0,0,0.19,0
1977.4,0,0,0,0,0.02,0
4385.42,0,0,0,0,0.16,0
2858.44,0,0,0,0,0.05,0
2735.53,0,0,0,0,0.07,0
3376.07,0,0,0,0,0.07,0
2315.84,0,0,0,0,0.01,0
1925.03,0,0,0,0,0.12,0
1880.11,0,0,0,0,0.03,0
4285.55,0,0,0,0,0.17,0
1423.11,0,0,0,0,0.16,0
7622.13,0,0,0,0,0.06,0
2784.1,0,0,0,0,0.15,0
2728.47,0,0,0,0,0.05,0
4120.68,0,0,0,0,0.19,0
1848.07,0,0,0,0,0.2,0
349.71,0,0,0,0,0.01,0
1797.52,0,0,0,0,0.15,0
2071.61,0,0,0,0,0.19,0
2230.96,0,0,0,0,0.17,0
4972.64,0,0,0,0,0.11,0
3465.37,0,0,0,0,0.02,0
5338.01,0,0,0,0,0.08,0
2187.62,0,0,0,0,0.09,0
3029.16,0,0,0,0,0.07,0
3223.22,0,0,0,0,0.12,0
1656.18,0,0,0,0,0.04,0
44360.86,1,0,1,0,0.9,1
1429.48,0,0,0,0,0.02,0
87830.44,1,0,0,0,0.91,1
2563.25,0,0,0,0,0.07,0
630.27,0,0,0,0,0.2,0
54763.52,1,1,1,1,0.96,1
3133.17,0,0,0,0,0.1,0
3089.3,0,0,0,0,0.04,0
78720.2,1,1,1,1,0.8,1
2958.12,0,0,0,0,0.04,0
1226.04,0,0,0,0,0.07,0
2645.1,0,0,0,0,0.02,0
33141.33,1,0,1,0,0.89,1
2092.97,0,0,0,0,0.07,0
52384.56,1,0,1,0,0.81,1
2257.69,0,0,0,0,0.05,0
2532.57,0,0,0,0,0.09,0
2753.63,0,0,0,0,0.18,0
5572.79,0,0,0,0,0.19,0
1279.5,0,0,0,0,0.0,0
2415.03,0,0,0,0,0.13,0
823.68,0,0,0,0,0.1,0
2684.62,0,0,0,0,0.05,0
1710.01,0,0,0,0,0.06,0
31936.27,1,0,0,1,0.8,1
6089.58,0,0,0,0,0.1,0
2685.86,0,0,0,0,0.0,0
822.78,0,0,0,0,0.12,0
893.25,0,0,0,0,0.15,0
917.74,0,0,0,0,0.14,0
2593.64,0,0,0,0,0.02,0
6943.16,0,0,0,0,0.15,0
3691.04,0,0,0,0,0.07,0
5883.1,0,0,0,0,0.17,0
2031.5,0,0,0,0,0.08,0
916.19,0,0,0,0,0.08,0
2690.93,0,0,0,0,0.11,0
4462.65,0,0,0,0,0.09,0
4853.58,0,0,0,0,0.07,0
54011.21,1,1,1,0,0.86,1
4876.59,0,0,0,0,0.05,0
1441.98,0,0,0,0,0.06,0
1830.99,0,0,0,0,0.03,0
4065.25,0,0,0,0,0.19,0
5508.67,0,0,0,0,0.03,0
4406.69,0,0,0,0,0.16,0
3817.6,0,0,0,0,0.18,0
10308.88,0,0,0,0,0.05,0
2070.67,0,0,0,0,0.17,0
2567.09,0,0,0,0,0.05,0
3250.35,0,0,0,0,0.08,0
3619.96,0,0,0,0,0.03,0
79622.63,1,0,1,1,0.9,1
1901.31,0,0,0,0,0.03,0
2798.06,0,0,0,0,0.08,0
52115.68,1,1,0,1,0.92,1
3015.91,0,0,0,0,0.16,0
1700.09,0,0,0,0,0.17,0
51322.96,1,0,1,0,0.87,1
2567.44,0,0,0,0,0.02,0
3993.56,0,0,0,0,0.19,0
1610.52,0,0,0,0,0.0,0
82012.83,1,1,1,0,0.83,1
2983.56,0,0,0,0,0.05,0
79847.84,1,1,1,0,0.78,1
4668.7,0,0,0,0,0.09,0
9613.83,0,0,0,0,0.08,0
4260.86,0,0,0,0,0.08,0
50409.63,0,0,1,0,0.85,1
3318.26,0,0,0,0,0.19,0
73072.78,1,1,1,1,0.97,1
1506.33,0,0,0,0,0.11,0
1178.07,0,0,0,0,0.1,0
1189.94,0,0,0,0,0.17,0
46767.09,1,1,1,0,0.76,1
2754.31,0,0,0,0,0.0,0
1479.78,0,0,0,0,0.2,0
2141.06,0,0,0,0,0.17,0
1748.98,0,0,0,0,0.17,0
2278.08,0,0,0,0,0.04,0
2871.54,0,0,0,0,0.06,0
3045.0,0,0,0,0,0.16,0
1287.34,0,0,0,0,0.19,0
2220.12,0,0,0,0,0.0,0
4675.37,0,0,0,0,0.18,0
2061.67,0,0,0,0,0.16,0
3243.08,0,0,0,0,0.16,0
2548.65,0,0,0,0,0.14,0
728.98,0,0,0,0,0.15,0
2393.11,0,0,0,0,0.18,0
57768.63,1,1,1,0,0.85,1
2856.88,0,0,0,0,0.0,0
1620.88,0,0,0,0,0.01,0
3401.55,0,0,0,0,0.18,0
3016.25,0,0,0,0,0.11,0
88368.78,1,0,1,1,0.84,1
1925.35,0,0,0,0,0.06,0
1177.86,0,0,0,0,0.06,0
3423.27,0,0,0,0,0.05,0
151.68,0,0,0,0,0.02,0
813.22,0,0,0,0,0.11,0
2361.15,0,0,0,0,0.08,0
2867.85,0,0,0,0,0.19,0
1317.49,0,0,0,0,0.11,0
81123.05,1,0,1,0,0.85,1
6488.93,0,0,0,0,0.07,0
4730.74,0,0,0,0,0.02,0
62475.42,1,1,0,0,0.84,1
1768.01,0,0,0,0,0.09,0
3370.66,0,0,0,0,0.16,0
7484.17,0,0,0,0,0.15,0
895.91,0,0,0,0,0.17,0
5042.36,0,0,0,0,0.18,0
4222.33,0,0,0,0,0.03,0
2961.5,0,0,0,0,0.04,0
29723.26,1,1,1,1,0.83,1
2539.21,0,0,0,0,0.14,0
82785.04,1,0,1,0,0.95,1
3728.67,0,0,0,0,0.06,0
9673.51,0,0,0,0,0.07,0
70995.34,1,0,1,0,0.78,1
2590.13,0,0,0,0,0.09,0
3331.04,0,0,0,0,0.01,0
4064.19,0,0,0,0,0.04,0
1730.74,0,0,0,0,0.07,0
5554.83,0,0,0,0,0.02,0
2706.76,0,0,0,0,0.06,0
6312.77,0,0,0,0,0.06,0
54246.34,1,1,0,1,0.92,1
1979.04,0,0,0,0,0.18,0
88941.25,1,1,1,0,0.88,1
1525.36,0,0,0,0,0.14,0
1610.84,0,0,0,0,0.2,0
75552.31,1,1,1,0,0.95,1
1281.88,0,0,0,0,0.07,0
788.02,0,0,0,0,0.2,0
2067.4,0,0,0,0,0.1,0
2943.45,0,0,0,0,0.16,0
1805.08,0,0,0,0,0.09,0
1943.72,0,0,0,0,0.15,0
6389.53,0,0,0,0,0.15,0
4874.43,0,0,0,0,0.05,0
1161.77,0,0,0,0,0.03,0
2084.59,0,0,0,0,0.07,0
2181.63,0,0,0,0,0.17,0
2214.85,0,0,0,0,0.12,0
2518.0,0,0,0,0,0.09,0
3726.56,0,0,0,0,0.08,0
2052.37,0,0,0,0,0.18,0
1830.85,0,0,0,0,0.18,0
65693.56,1,1,1,1,0.79,1
3086.59,0,0,0,0,0.03,0
5806.68,0,0,0,0,0.05,0
86964.97,0,0,1,0,0.9,1
33342.75,1,0,1,0,0.79,1
1459.89,0,0,0,0,0.15,0
1913.03,0,0,0,0,0.03,0
2759.77,0,0,0,0,0.13,0
5861.77,0,0,0,0,0.1,0
62655.37,1,1,1,1,0.77,1
4358.23,0,0,0,0,0.15,0
1185.91,0,0,0,0,0.12,0
3504.63,0,0,0,0,0.09,0
2091.32,0,0,0,0,0.02,0
1164.51,0,0,0,0,0.12,0
951.22,0,0,0,0,0.2,0
1526.89,0,0,0,0,0.13,0
59332.3,1,1,1,0,0.85,1
82924.11,1,0,0,0,0.9,1
7076.5,0,0,0,0,0.07,0
1588.2,0,0,0,0,0.02,0
6998.9,0,0,0,0,0.09,0
1287.61,0,0,0,0,0.02,0
52748.16,1,1,1,0,0.85,1
1571.84,0,0,0,0,0.05,0
7511.09,0,0,0,0,0.2,0
1147.6,0,0,0,0,0.06,0
71172.85,1,1,1,1,0.86,1
6907.0,0,0,0,0,0.19,0
3551.77,0,0,0,0,0.08,0
2000.75,0,0,0,0,0.15,0
39635.47,1,1,1,0,0.85,1
5036.78,0,0,0,0,0.13,0
1790.85,0,0,0,0,0.13,0
5140.74,0,0,0,0,0.18,0
2149.07,0,0,0,0,0.11,0
4357.42,0,0,0,0,0.18,0
3846.39,0,0,0,0,0.01,0
87278.98,1,1,1,1,0.89,1
1063.72,0,0,0,0,0.01,0
4126.05,0,0,0,0,0.08,0
3271.5,0,0,0,0,0.0,0
2748.35,0,0,0,0,0.05,0
62004.82,1,1,1,0,0.8,1
48093.46,1,1,1,0,0.8,1
61937.46,1,1,1,0,0.83,1
700.95,0,0,0,0,0.03,0
29242.99,1,1,1,1,0.88,1
1472.06,0,0,0,0,0.02,0
2065.6,0,0,0,0,0.19,0
4516.81,0,0,0,0,0.14,0
2257.59,0,0,0,0,0.11,0
45569.71,1,1,1,0,0.96,1
2304.03,0,0,0,0,0.08,0
56471.25,0,0,0,0,0.78,1
6528.1,0,0,0,0,0.01,0
6143.17,0,0,0,0,0.01,0
79364.61,1,1,1,0,0.95,1
3128.58,0,0,0,0,0.12,0
6618.89,0,0,0,0,0.02,0
2447.02,0,0,0,0,0.12,0
3302.79,0,0,0,0,0.18,0
1561.06,0,0,0,0,0.04,0
2196.33,0,0,0,0,0.07,0
3854.15,0,0,0,0,0.06,0
2135.07,0,0,0,0,0.19,0
391.07,0,0,0,0,0.09,0
5528.59,0,0,0,0,0.01,0
677.97,0,0,0,0,0.19,0
39143.22,1,0,1,0,0.77,1
3994.63,0,0,0,0,0.08,0
1415.35,0,0,0,0,0.12,0
44766.15,1,0,1,1,0.86,1
3493.11,0,0,0,0,0.17,0
3312.22,0,0,0,0,0.08,0
4418.94,0,0,0,0,0.04,0
65315.27,1,1,1,0,0.81,1
2672.95,0,0,0,0,0.04,0
1888.83,0,0,0,0,0.17,0
2681.33,0,0,0,0,0.07,0
62471.78,1,1,1,1,0.88,1
1732.43,0,0,0,0,0.11,0
1777.51,0,0,0,0,0.08,0
2954.19,0,0,0,0,0.13,0
3500.04,0,0,0,0,0.04,0
57391.65,1,1,1,1,0.96,1
2091.18,0,0,0,0,0.03,0
1751.37,0,0,0,0,0.14,0
3360.83,0,0,0,0,0.01,0
53823.54,1,1,1,0,0.98,1
2200.36,0,0,0,0,0.18,0
2967.48,0,0,0,0,0.19,0
55486.62,1,1,1,0,0.93,1
2914.6,0,0,0,0,0.03,0
58718.61,1,1,1,0,0.88,1
3716.15,0,0,0,0,0.04,0
2808.51,0,0,0,0,0.14,0
2578.43,0,0,0,0,0.06,0
7149.81,0,0,0,0,0.13,0
2134.41,0,0,0,0,0.16,0
3380.32,0,0,0,0,0.13,0
2677.78,0,0,0,0,0.16,0
1788.7,0,0,0,0,0.13,0
5878.96,0,0,0,0,0.02,0
80465.62,1,0,1,1,0.8,1
1743.76,0,0,0,0,0.11,0
69283.34,1,1,1,0,0.91,1
10241.94,0,0,0,0,0.16,0
2207.97,0,0,0,0,0.03,0
746.2,0,0,0,0,0.15,0
675.51,0,0,0,0,0.06,0
2748.07,0,0,0,0,0.12,0
2755.97,0,0,0,0,0.12,0
4204.79,0,0,0,0,0.09,0
1417.65,0,0,0,0,0.02,0
969.33,0,0,0,0,0.01,0
6074.85,0,0,0,0,0.14,0
3569.29,0,0,0,0,0.08,0
2285.66,0,0,0,0,0.03,0
2428.73,0,0,0,0,0.03,0
722.6,0,0,0,0,0.18,0
1128.81,0,0,0,0,0.03,0
2988.19,0,0,0,0,0.17,0
1668.84,0,0,0,0,0.01,0
33663.48,1,1,0,1,0.95,1
565.13,0,0,0,0,0.04,0
3442.19,0,0,0,0,0.19,0
33738.17,1,1,0,1,0.98,1
68599.73,1,1,0,0,0.79,1
6712.54,0,0,0,0,0.12,0
2468.14,0,0,0,0,0.16,0
1708.33,0,0,0,0,0.19,0
5485.35,0,0,0,0,0.13,0
5724.65,0,0,0,0,0.18,0
4750.7,0,0,0,0,0.03,0
2171.36,0,0,0,0,0.01,0
63849.35,1,1,1,0,0.91,1
2030.59,0,0,0,0,0.13,0
1129.09,0,0,0,0,0.0,0
2182.87,0,0,0,0,0.08,0
1314.05,0,0,0,0,0.01,0
1493.71,0,0,0,0,0.2,0
3255.75,0,0,0,0,0.14,0
5381.99,0,0,0,0,0.13,0
470.15,0,0,0,0,0.06,0
4134.68,0,0,0,0,0.17,0
2402.56,0,0,0,0,0.12,0
329.05,0,0,0,0,0.07,0
4435.3,0,0,0,0,0.16,0
3159.83,0,0,0,0,0.15,0
975.57,0,0,0,0,0.02,0
74522.84,1,1,1,0,0.82,1
28261.4,1,0,1,0,0.82,1
47608.45,1,0,1,1,0.88,1
87053.31,1,0,1,1,0.81,1
6452.93,0,0,0,0,0.05,0
2883.87,0,0,0,0,0.18,0
2384.08,0,0,0,0,0.03,0
30409.5,1,1,1,1,0.97,1
45982.64,1,1,1,0,0.83,1
2909.43,0,0,0,0,0.13,0
4673.11,0,0,0,0,0.15,0
734.89,0,0,0,0,0.19,0
5134.59,0,0,0,0,0.07,0
53067.46,1,0,0,0,0.77,1
836.88,0,0,0,0,0.13,0
5051.18,0,0,0,0,0.07,0
1722.51,0,0,0,0,0.05,0
2103.59,0,0,0,0,0.09,0
3127.87,0,0,0,0,0.1,0
3828.36,0,0,0,0,0.02,0
46409.65,1,0,1,0,0.91,1
4713.72,0,0,0,0,0.13,0
7657.98,0,0,0,0,0.03,0
4175.55,0,0,0,0,0.02,0
1505.18,0,0,0,0,0.01,0
8263.86,0,0,0,0,0.13,0
3680.92,0,0,0,0,0.2,0
6342.12,0,0,0,0,0.2,0
1939.77,0,0,0,0,0.07,0
5188.72,0,0,0,0,0.01,0
2106.8,0,0,0,0,0.0,0
83211.12,0,0,0,0,0.8,1
2623.03,0,0,0,0,0.08,0
3400.78,0,0,0,0,0.04,0
5069.82,0,0,0,0,0.01,0
1883.3,0,0,0,0,0.1,0
2412.58,0,0,0,0,0.02,0
45516.16,1,1,1,0,0.79,1
1800.63,0,0,0,0,0.01,0
3667.78,0,0,0,0,0.06,0
1095.99,0,0,0,0,0.03,0
3002.01,0,0,0,0,0.08,0
87533.8,1,1,1,0,0.84,1
3065.84,0,0,0,0,0.08,0
1856.2,0,0,0,0,0.01,0
5310.83,0,0,0,0,0.17,0
4917.34,0,0,0,0,0.03,0
6461.46,0,0,0,0,0.2,0
70597.44,0,0,1,1,0.78,1
691.26,0,0,0,0,0.19,0
1935.92,0,0,0,0,0.18,0
1650.32,0,0,0,0,0.12,0
2018.97,0,0,0,0,0.12,0
815.66,0,0,0,0,0.06,0
5450.67,0,0,0,0,0.03,0
1574.32,0,0,0,0,0.05,0
642.08,0,0,0,0,0.17,0
2380.53,0,0,0,0,0.16,0
4172.88,0,0,0,0,0.17,0
6551.53,0,0,0,0,0.16,0
3891.62,0,0,0,0,0.0,0
3973.22,0,0,0,0,0.17,0
6385.88,0,0,0,0,0.11,0
3726.36,0,0,0,0,0.09,0
1130.07,0,0,0,0,0.06,0
3292.52,0,0,0,0,0.14,0
4940.92,0,0,0,0,0.09,0
822.12,0,0,0,0,0.19,0
4575.27,0,0,0,0,0.07,0
3272.75,0,0,0,0,0.12,0
2707.85,0,0,0,0,0.0,0
41955.2,1,0,1,1,0.99,1
2173.24,0,0,0,0,0.06,0
4347.48,0,0,0,0,0.02,0
1530.13,0,0,0,0,0.18,0
3449.86,0,0,0,0,0.1,0
4786.05,0,0,0,0,0.2,0
2203.73,0,0,0,0,0.13,0
1290.64,0,0,0,0,0.19,0
60520.96,1,0,1,1,0.97,1
4334.87,0,0,0,0,0.03,0
3925.89,0,0,0,0,0.06,0
46828.06,1,1,0,0,0.98,1
5239.63,0,0,0,0,0.14,0
2725.25,0,0,0,0,0.07,0
3914.68,0,0,0,0,0.15,0
3857.64,0,0,0,0,0.17,0
4498.03,0,0,0,0,0.04,0
2390.83,0,0,0,0,0.12,0
1386.24,0,0,0,0,0.07,0
3529.98,0,0,0,0,0.12,0
79524.56,1,1,0,0,0.86,1
2303.04,0,0,0,0,0.1,0
887.01,0,0,0,0,0.06,0
2190.2,0,0,0,0,0.0,0
2940.34,0,0,0,0,0.09,0
5948.31,0,0,0,0,0.07,0
29166.16,1,0,1,0,0.8,1
957.72,0,0,0,0,0.12,0
5012.39,0,0,0,0,0.14,0
59984.31,1,0,0,0,0.88,1
85248.99,1,1,1,0,0.82,1
61249.76,1,1,1,1,0.91,1
855.84,0,0,0,0,0.2,0
3990.58,0,0,0,0,0.06,0
1453.89,0,0,0,0,0.13,0
5456.56,0,0,0,0,0.18,0
3065.7,0,0,0,0,0.12,0
1166.59,0,0,0,0,0.07,0
3978.8,0,0,0,0,0.1,0
737.19,0,0,0,0,0.17,0
54697.72,1,1,0,0,0.79,1
1215.55,0,0,0,0,0.04,0
5844.15,0,0,0,0,0.11,0
1645.76,0,0,0,0,0.01,0
63206.9,1,1,1,0,0.83,1
3152.79,0,0,0,0,0.13,0
3837.01,0,0,0,0,0.06,0
5971.85,0,0,0,0,0.02,0
83105.68,1,1,1,0,0.76,1
3834.51,0,0,0,0,0.15,0
2910.77,0,0,0,0,0.11,0
40518.87,1,0,1,0,0.85,1
7835.57,0,0,0,0,0.05,0
3579.76,0,0,0,0,0.09,0
1471.38,0,0,0,0,0.06,0
3795.67,0,0,0,0,0.2,0
4673.08,0,0,0,0,0.07,0
3427.15,0,0,0,0,0.12,0
1447.38,0,0,0,0,0.07,0
3067.45,0,0,0,0,0.08,0
695.57,0,0,0,0,0.08,0
42130.85,1,0,0,0,0.78,1
5651.45,0,0,0,0,0.11,0
2573.05,0,0,0,0,0.13,0
85356.11,1,0,1,0,0.88,1
6008.55,0,0,0,0,0.12,0
3157.91,0,0,0,0,0.03,0
1194.43,0,0,0,0,0.11,0
4927.94,0,0,0,0,0.07,0
36080.06,1,0,1,0,0.97,1
4232.84,0,0,0,0,0.07,0
2724.42,0,0,0,0,0.13,0
2466.18,0,0,0,0,0.13,0
963.67,0,0,0,0,0.06,0
3588.41,0,0,0,0,0.15,0
3333.04,0,0,0,0,0.19,0
2325.39,0,0,0,0,0.19,0
2594.04,0,0,0,0,0.15,0
724.86,0,0,0,0,0.18,0
363.54,0,0,0,0,0.07,0
3597.88,0,0,0,0,0.09,0
2000.26,0,0,0,0,0.02,0
2505.27,0,0,0,0,0.05,0
1724.56,0,0,0,0,0.1,0
5125.36,0,0,0,0,0.08,0
79916.17,1,1,0,0,0.9,1
3237.87,0,0,0,0,0.12,0
84145.46,1,0,0,0,0.88,1
2660.79,0,0,0,0,0.11,0
473.26,0,0,0,0,0.08,0
4368.68,0,0,0,0,0.07,0
3035.2,0,0,0,0,0.16,0
844.76,0,0,0,0,0.17,0
238.54,0,0,0,0,0.16,0
4627.67,0,0,0,0,0.05,0
6655.07,0,0,0,0,0.19,0
1950.2,0,0,0,0,0.05,0
59940.11,1,0,0,1,0.81,1
2085.31,0,0,0,0,0.06,0
2091.24,0,0,0,0,0.11,0
1579.78,0,0,0,0,0.11,0
87837.72,1,1,1,0,0.92,1
1062.6,0,0,0,0,0.03,0
3890.01,0,0,0,0,0.04,0
2541.92,0,0,0,0,0.17,0
2650.1,0,0,0,0,0.01,0
73866.88,1,1,1,1,0.85,1
3616.8,0,0,0,0,0.03,0
3348.54,0,0,0,0,0.08,0
930.84,0,0,0,0,0.13,0
948.89,0,0,0,0,0.01,0
2348.89,0,0,0,0,0.04,0
2136.49,0,0,0,0,0.03,0
2667.59,0,0,0,0,0.11,0
4346.69,0,0,0,0,0.18,0
3140.85,0,0,0,0,0.02,0
746.15,0,0,0,0,0.13,0
5891.69,0,0,0,0,0.16,0
6424.71,0,0,0,0,0.03,0
1438.77,0,0,0,0,0.03,0
1904.14,0,0,0,0,0.08,0
1670.14,0,0,0,0,0.08,0
3101.49,0,0,0,0,0.17,0
491.31,0,0,0,0,0.19,0
1272.99,0,0,0,0,0.1,0
3252.78,0,0,0,0,0.04,0
1553.24,0,0,0,0,0.07,0
2051.82,0,0,0,0,0.2,0
3267.8,0,0,0,0,0.02,0
54923.1,1,0,0,1,0.8,1
7886.73,0,0,0,0,0.08,0
86405.98,1,0,1,0,0.81,1
61998.42,1,1,1,0,0.76,1
1854.98,0,0,0,0,0.07,0
3621.95,0,0,0,0,0.18,0
2723.0,0,0,0,0,0.17,0
1309.98,0,0,0,0,0.15,0
3131.76,0,0,0,0,0.14,0
3926.47,0,0,0,0,0.05,0
1482.68,0,0,0,0,0.18,0
7096.81,0,0,0,0,0.01,0
2063.12,0,0,0,0,0.05,0
9206.0,0,0,0,0,0.19,0
1942.0,0,0,0,0,0.11,0
2024.74,0,0,0,0,0.06,0
30367.19,1,1,0,0,0.8,1
3048.86,0,0,0,0,0.08,0
2278.56,0,0,0,0,0.03,0
3015.66,0,0,0,0,0.02,0
47975.76,1,0,0,0,0.82,1
4179.42,0,0,0,0,0.17,0
388.11,0,0,0,0,0.15,0
2374.98,0,0,0,0,0.02,0
1186.81,0,0,0,0,0.09,0
981.61,0,0,0,0,0.18,0
35618.04,1,0,0,0,0.95,1
1199.08,0,0,0,0,0.08,0
1169.4,0,0,0,0,0.12,0
308.1,0,0,0,0,0.02,0
735.82,0,0,0,0,0.07,0
978.56,0,0,0,0,0.08,0
1647.9,0,0,0,0,0.05,0
3091.9,0,0,0,0,0.19,0
1842.13,0,0,0,0,0.15,0
3412.59,0,0,0,0,0.12,0
3635.2,0,0,0,0,0.09,0
84268.21,1,1,1,0,0.97,1
3583.06,0,0,0,0,0.03,0
5425.11,0,0,0,0,0.18,0
4923.37,0,0,0,0,0.13,0
33672.06,1,1,1,0,0.78,1
1683.4,0,0,0,0,0.02,0
4705.2,0,0,0,0,0.16,0
51722.37,1,1,1,1,0.85,1
42429.31,1,1,0,0,0.91,1
2299.81,0,0,0,0,0.03,0
9026.77,0,0,0,0,0.17,0
3791.71,0,0,0,0,0.16,0
1868.27,0,0,0,0,0.05,0
6358.02,0,0,0,0,0.18,0
3547.4,0,0,0,0,0.12,0
29422.43,0,0,1,0,0.97,1
6319.25,0,0,0,0,0.03,0
2341.0,0,0,0,0,0.09,0
1367.44,0,0,0,0,0.1,0
2421.85,0,0,0,0,0.05,0
700.17,0,0,0,0,0.02,0
56236.4,1,1,0,0,0.88,1
2464.92,0,0,0,0,0.09,0
1741.48,0,0,0,0,0.13,0
873.56,0,0,0,0,0.13,0
3633.39,0,0,0,0,0.12,0
1057.85,0,0,0,0,0.08,0
1835.52,0,0,0,0,0.04,0
438.85,0,0,0,0,0.13,0
6555.84,0,0,0,0,0.12,0
2402.88,0,0,0,0,0.03,0
9957.36,0,0,0,0,0.1,0
74182.03,1,1,1,0,0.87,1
55655.71,1,1,1,1,0.85,1
5451.68,0,0,0,0,0.02,0
4989.15,0,0,0,0,0.17,0
3350.7,0,0,0,0,0.09,0
44818.7,1,0,1,1,0.84,1
2909.06,0,0,0,0,0.08,0
4762.97,0,0,0,0,0.08,0
4035.59,0,0,0,0,0.04,0
3869.13,0,0,0,0,0.18,0
2268.18,0,0,0,0,0.15,0
2228.9,0,0,0,0,0.02,0
3861.17,0,0,0,0,0.17,0
6714.73,0,0,0,0,0.18,0
3513.97,0,0,0,0,0.05,0
2557.5,0,0,0,0,0.15,0
1109.85,0,0,0,0,0.07,0
5261.39,0,0,0,0,0.01,0
45847.68,1,0,1,1,0.92,1
4405.0,0,0,0,0,0.12,0
2720.13,0,0,0,0,0.15,0
58082.34,1,0,1,0,0.77,1
3793.33,0,0,0,0,0.11,0
2429.21,0,0,0,0,0.08,0
817.01,0,0,0,0,0.04,0
4939.16,0,0,0,0,0.0,0
1771.35,0,0,0,0,0.1,0
826.73,0,0,0,0,0.02,0
26761.93,1,1,1,0,0.9,1
695.77,0,0,0,0,0.03,0
2198.18,0,0,0,0,0.16,0
3181.45,0,0,0,0,0.16,0
5916.69,0,0,0,0,0.16,0
47234.51,1,0,1,1,0.85,1
2384.64,0,0,0,0,0.13,0
4094.14,0,0,0,0,0.19,0
626.09,0,0,0,0,0.15,0
1925.52,0,0,0,0,0.17,0
1100.67,0,0,0,0,0.15,0
1674.75,0,0,0,0,0.11,0
445.81,0,0,0,0,0.1,0
79231.11,1,1,1,1,0.84,1
3757.16,0,0,0,0,0.19,0
1381.51,0,0,0,0,0.16,0
40806.7,1,1,1,1,0.93,1
4822.68,0,0,0,0,0.17,0
56061.38,1,0,1,0,0.99,1
2525.09,0,0,0,0,0.15,0
1133.2,0,0,0,0,0.17,0
4396.79,0,0,0,0,0.15,0
1480.52,0,0,0,0,0.01,0
5229.02,0,0,0,0,0.08,0
2721.71,0,0,0,0,0.06,0
3999.1,0,0,0,0,0.05,0
4582.78,0,0,0,0,0.01,0
4663.76,0,0,0,0,0.05,0
33166.83,1,0,1,0,0.78,1
71622.02,1,1,1,1,0.82,1
886.21,0,0,0,0,0.04,0
2874.62,0,0,0,0,0.16,0
3914.31,0,0,0,0,0.14,0
4170.59,0,0,0,0,0.03,0
56539.98,1,1,1,0,0.76,1
3536.93,0,0,0,0,0.07,0
3528.69,0,0,0,0,0.04,0
1758.38,0,0,0,0,0.2,0
86293.88,1,0,1,1,0.91,1
3845.46,0,0,0,0,0.01,0
6177.36,0,0,0,0,0.05,0
47162.53,1,0,1,1,0.93,1
4239.9,0,0,0,0,0.19,0
7997.0,0,0,0,0,0.05,0
1496.67,0,0,0,0,0.01,0
66542.01,1,1,1,0,0.94,1
2240.91,0,0,0,0,0.17,0
3236.64,0,0,0,0,0.07,0
1577.43,0,0,0,0,0.15,0
2334.24,0,0,0,0,0.14,0
3195.51,0,0,0,0,0.03,0
1992.54,0,0,0,0,0.13,0
1616.99,0,0,0,0,0.12,0
2053.81,0,0,0,0,0.16,0
2902.02,0,0,0,0,0.03,0
53958.66,1,1,1,0,0.77,1
2113.04,0,0,0,0,0.09,0
71670.92,1,1,1,1,0.82,1
74904.7,1,1,1,0,0.81,1
1558.09,0,0,0,0,0.03,0
1406.01,0,0,0,0,0.16,0
6680.66,0,0,0,0,0.19,0
2710.48,0,0,0,0,0.12,0
2004.86,0,0,0,0,0.15,0
2503.11,0,0,0,0,0.17,0
765.18,0,0,0,0,0.11,0
62527.97,1,1,0,0,0.87,1
3429.93,0,0,0,0,0.05,0
2315.84,0,0,0,0,0.17,0
1292.77,0,0,0,0,0.2,0
738.05,0,0,0,0,0.11,0
1749.57,0,0,0,0,0.02,0
62127.95,1,0,0,0,0.82,1
760.26,0,0,0,0,0.07,0
441.75,0,0,0,0,0.01,0
5584.44,0,0,0,0,0.08,0
3506.96,0,0,0,0,0.19,0
79842.37,1,0,1,1,0.91,1
3914.93,0,0,0,0,0.08,0
888.84,0,0,0,0,0.11,0
4104.2,0,0,0,0,0.11,0
1862.94,0,0,0,0,0.07,0
1354.4,0,0,0,0,0.09,0
28572.81,1,1,0,0,0.77,1
1369.24,0,0,0,0,0.04,0
1229.13,0,0,0,0,0.12,0
1926.18,0,0,0,0,0.07,0
2643.53,0,0,0,0,0.17,0
4492.63,0,0,0,0,0.18,0
2633.97,0,0,0,0,0.16,0
381.37,0,0,0,0,0.01,0
1485.1,0,0,0,0,0.17,0
59145.69,1,1,1,0,0.95,1
3032.2,0,0,0,0,0.09,0
1484.87,0,0,0,0,0.01,0
2860.75,0,0,0,0,0.05,0
5526.65,0,0,0,0,0.09,0
32312.7,1,1,1,0,0.8,1
3416.73,0,0,0,0,0.08,0
2678.16,0,0,0,0,0.08,0
48378.91,1,1,0,0,0.83,1
2301.53,0,0,0,0,0.15,0
5541.24,0,0,0,0,0.13,0
2266.78,0,0,0,0,0.02,0
64210.95,1,0,1,0,0.92,1
28185.3,1,1,1,0,0.76,1
2940.04,0,0,0,0,0.11,0
4523.44,0,0,0,0,0.18,0
6667.37,0,0,0,0,0.07,0
668.67,0,0,0,0,0.13,0
1733.27,0,0,0,0,0.11,0
50298.56,1,0,1,1,0.82,1
4502.25,0,0,0,0,0.02,0
1628.84,0,0,0,0,0.0,0
486.85,0,0,0,0,0.04,0
1401.07,0,0,0,0,0.06,0
2093.09,0,0,0,0,0.2,0
1620.92,0,0,0,0,0.08,0
3602.9,0,0,0,0,0.05,0
8308.34,0,0,0,0,0.12,0
43143.48,1,1,1,0,0.92,1
71539.01,1,1,1,0,0.91,1
2300.09,0,0,0,0,0.07,0
2957.16,0,0,0,0,0.01,0
872.58,0,0,0,0,0.1,0
1372.75,0,0,0,0,0.09,0
2583.93,0,0,0,0,0.11,0
30652.86,1,1,1,0,0.98,1
1861.66,0,0,0,0,0.08,0
1368.46,0,0,0,0,0.04,0
961.96,0,0,0,0,0.15,0
2627.62,0,0,0,0,0.09,0
33818.0,1,1,1,0,0.92,1
5089.76,0,0,0,0,0.07,0
922.26,0,0,0,0,0.08,0
7843.45,0,0,0,0,0.01,0
2306.12,0,0,0,0,0.03,0
5690.83,0,0,0,0,0.04,0
2637.75,0,0,0,0,0.14,0
1860.64,0,0,0,0,0.12,0
2756.81,0,0,0,0,0.01,0
3548.23,0,0,0,0,0.04,0
72655.42,1,1,1,1,0.83,1
5859.4,0,0,0,0,0.17,0
2427.07,0,0,0,0,0.04,0
2329.91,0,0,0,0,0.1,0
2156.87,0,0,0,0,0.16,0
78267.22,1,0,0,1,0.83,1
6505.93,0,0,0,0,0.1,0
823.06,0,0,0,0,0.15,0
89368.54,1,1,1,0,0.84,1
4678.35,0,0,0,0,0.1,0
3359.46,0,0,0,0,0.04,0
28958.86,1,0,1,0,0.96,1
3860.25,0,0,0,0,0.01,0
1558.7,0,0,0,0,0.14,0
8253.69,0,0,0,0,0.18,0
1326.33,0,0,0,0,0.12,0
68996.7,1,1,1,0,0.8,1
4165.86,0,0,0,0,0.13,0
1446.77,0,0,0,0,0.17,0
2544.86,0,0,0,0,0.06,0
4813.29,0,0,0,0,0.17,0
948.24,0,0,0,0,0.01,0
1404.77,0,0,0,0,0.02,0
2940.16,0,0,0,0,0.04,0
1715.97,0,0,0,0,0.01,0
1417.42,0,0,0,0,0.16,0
1159.56,0,0,0,0,0.04,0
4682.42,0,0,0,0,0.03,0
5338.18,0,0,0,0,0.1,0
4993.07,0,0,0,0,0.17,0
4985.36,0,0,0,0,0.16,0
6101.96,0,0,0,0,0.05,0
5968.43,0,0,0,0,0.01,0
5028.64,0,0,0,0,0.02,0
2109.02,0,0,0,0,0.06,0
3794.63,0,0,0,0,0.06,0
4335.21,0,0,0,0,0.07,0
1672.42,0,0,0,0,0.01,0
1143.48,0,0,0,0,0.1,0
2822.06,0,0,0,0,0.0,0
4616.27,0,0,0,0,0.08,0
8190.57,0,0,0,0,0.08,0
37496.76,1,1,0,0,0.8,1
2363.03,0,0,0,0,0.18,0
46695.48,1,1,1,0,0.77,1
383.88,0,0,0,0,0.04,0
4415.91,0,0,0,0,0.18,0
1181.15,0,0,0,0,0.06,0
2894.07,0,0,0,0,0.02,0
32305.81,1,0,1,1,0.94,1
1999.66,0,0,0,0,0.08,0
2637.07,0,0,0,0,0.19,0
2809.72,0,0,0,0,0.13,0
950.39,0,0,0,0,0.11,0
2272.44,0,0,0,0,0.07,0
5643.75,0,0,0,0,0.05,0
67139.34,0,0,1,1,0.91,1
6002.79,0,0,0,0,0.04,0
1539.62,0,0,0,0,0.11,0
7606.74,0,0,0,0,0.07,0
4034.24,0,0,0,0,0.12,0
1842.6,0,0,0,0,0.13,0
4877.46,0,0,0,0,0.01,0
3682.57,0,0,0,0,0.2,0
3268.11,0,0,0,0,0.14,0
2647.78,0,0,0,0,0.12,0
41903.12,1,0,1,1,0.98,1
2118.05,0,0,0,0,0.18,0
3617.21,0,0,0,0,0.02,0
1053.45,0,0,0,0,0.15,0
1680.95,0,0,0,0,0.15,0
30003.0,1,0,1,0,0.83,1
2643.02,0,0,0,0,0.17,0
2419.84,0,0,0,0,0.03,0
81530.23,1,1,1,0,0.8,1
8323.72,0,0,0,0,0.16,0
1555.82,0,0,0,0,0.04,0
6614.17,0,0,0,0,0.03,0
69363.26,1,1,1,1,0.75,1
52842.87,1,0,1,0,0.84,1
3573.9,0,0,0,0,0.12,0
2812.8,0,0,0,0,0.16,0
1708.49,0,0,0,0,0.08,0
1973.55,0,0,0,0,0.13,0
60346.16,1,0,0,1,0.88,1
89702.4,1,1,1,0,0.76,1
44022.58,1,0,1,1,0.81,1
37235.09,1,1,1,0,0.99,1
3307.09,0,0,0,0,0.11,0
53472.86,1,1,0,1,0.96,1
1009.9,0,0,0,0,0.09,0
1465.94,0,0,0,0,0.03,0
48.93,0,0,0,0,0.11,0
5701.88,0,0,0,0,0.18,0
673.51,0,0,0,0,0.08,0
1676.82,0,0,0,0,0.12,0
1070.61,0,0,0,0,0.02,0
3588.8,0,0,0,0,0.1,0
40902.58,1,1,1,0,0.85,1
956.69,0,0,0,0,0.14,0
3073.31,0,0,0,0,0.17,0
1372.56,0,0,0,0,0.02,0
55511.44,1,1,0,0,0.84,1
2868.0,0,0,0,0,0.12,0
53134.59,1,0,0,0,0.76,1
3344.84,0,0,0,0,0.13,0
5093.96,0,0,0,0,0.16,0
54793.63,1,1,1,1,0.92,1
810.05,0,0,0,0,0.01,0
1479.24,0,0,0,0,0.05,0
80760.76,0,0,1,0,0.87,1
3251.59,0,0,0,0,0.14,0
2401.03,0,0,0,0,0.0,0
72870.76,1,1,1,0,0.81,1
5204.19,0,0,0,0,0.05,0
45257.44,0,0,1,0,0.8,1
469.64,0,0,0,0,0.06,0
895.73,0,0,0,0,0.04,0
2091.17,0,0,0,0,0.08,0
2715.56,0,0,0,0,0.11,0
4311.23,0,0,0,0,0.0,0
5476.46,0,0,0,0,0.15,0
1789.14,0,0,0,0,0.1,0
87826.3,1,0,0,1,0.83,1
54854.74,1,1,1,1,0.8,1
1596.06,0,0,0,0,0.16,0
89178.95,1,1,0,0,0.91,1
4459.54,0,0,0,0,0.15,0
59666.03,1,0,1,1,0.79,1
808.67,0,0,0,0,0.13,0
2964.33,0,0,0,0,0.02,0
1537.25,0,0,0,0,0.06,0
2677.62,0,0,0,0,0.15,0
64383.29,1,1,0,0,0.87,1
3969.15,0,0,0,0,0.17,0
42341.65,1,1,1,0,0.84,1
3491.25,0,0,0,0,0.04,0
62834.56,1,1,1,0,0.76,1
803.67,0,0,0,0,0.16,0
3617.48,0,0,0,0,0.08,0
4086.07,0,0,0,0,0.06,0
5457.91,0,0,0,0,0.03,0
89921.54,1,1,0,0,0.92,1
2256.58,0,0,0,0,0.0,0
3164.21,0,0,0,0,0.11,0
4883.32,0,0,0,0,0.01,0
81400.64,1,1,1,0,0.76,1
56916.28,1,1,1,0,0.77,1
3789.08,0,0,0,0,0.0,0
3535.45,0,0,0,0,0.06,0
1945.27,0,0,0,0,0.12,0
62605.22,1,1,1,0,0.8,1
1482.95,0,0,0,0,0.04,0
2703.84,0,0,0,0,0.01,0
2489.4,0,0,0,0,0.1,0
1610.76,0,0,0,0,0.09,0
69705.0,1,1,1,0,0.85,1
2062.76,0,0,0,0,0.08,0
3224.99,0,0,0,0,0.01,0
8438.47,0,0,0,0,0.15,0
1781.67,0,0,0,0,0.09,0
54857.34,1,1,1,0,0.88,1
4428.21,0,0,0,0,0.01,0
34458.51,1,0,1,1,0.94,1
3946.95,0,0,0,0,0.11,0
69956.82,1,1,1,0,0.8,1
3051.24,0,0,0,0,0.15,0
1538.71,0,0,0,0,0.17,0
41736.15,1,1,1,0,0.95,1
2611.36,0,0,0,0,0.13,0
2984.37,0,0,0,0,0.07,0
4084.53,0,0,0,0,0.16,0
5115.28,0,0,0,0,0.09,0
2924.28,0,0,0,0,0.02,0
76610.94,1,1,1,0,0.77,1
6228.28,0,0,0,0,0.18,0
5431.02,0,0,0,0,0.13,0
60452.82,0,0,1,0,0.77,1
2072.25,0,0,0,0,0.09,0
2151.85,0,0,0,0,0.09,0
87448.51,1,1,1,0,0.87,1
2490.85,0,0,0,0,0.17,0
35802.02,1,1,1,0,0.82,1
1639.36,0,0,0,0,0.15,0
2507.29,0,0,0,0,0.01,0
4581.6,0,0,0,0,0.12,0
6104.82,0,0,0,0,0.12,0
3577.51,0,0,0,0,0.04,0
28169.81,0,0,1,1,0.87,1
59365.98,1,0,1,0,0.84,1
3908.53,0,0,0,0,0.1,0
45115.52,1,1,1,1,0.92,1
5977.27,0,0,0,0,0.1,0
5316.48,0,0,0,0,0.05,0
51724.38,1,0,0,0,0.89,1
3323.16,0,0,0,0,0.1,0
4448.63,0,0,0,0,0.02,0
25922.78,1,1,1,0,0.86,1
88414.12,1,1,0,0,0.84,1
957.08,0,0,0,0,0.08,0
1203.1,0,0,0,0,0.15,0
66854.02,1,0,1,0,0.76,1
1626.8,0,0,0,0,0.19,0
3526.01,0,0,0,0,0.04,0
6084.85,0,0,0,0,0.13,0
3700.82,0,0,0,0,0.11,0
2637.28,0,0,0,0,0.17,0
873.66,0,0,0,0,0.07,0
2949.69,0,0,0,0,0.07,0
2555.12,0,0,0,0,0.08,0
1436.34,0,0,0,0,0.02,0
995.15,0,0,0,0,0.01,0
1881.03,0,0,0,0,0.18,0
2313.06,0,0,0,0,0.14,0
3399.71,0,0,0,0,0.14,0
39786.3,0,0,1,0,0.96,1
4495.01,0,0,0,0,0.09,0
3189.44,0,0,0,0,0.08,0
829.44,0,0,0,0,0.11,0
57885.18,1,1,1,0,0.84,1
2090.66,0,0,0,0,0.09,0
2704.18,0,0,0,0,0.1,0
1414.64,0,0,0,0,0.02,0
3031.8,0,0,0,0,0.03,0
2750.9,0,0,0,0,0.06,0
1445.42,0,0,0,0,0.07,0
8202.92,0,0,0,0,0.13,0
5415.41,0,0,0,0,0.02,0
49182.83,1,0,1,0,0.76,1
78832.08,1,1,1,0,0.99,1
70039.08,1,1,1,0,0.98,1
67016.48,1,1,1,0,0.88,1
233.34,0,0,0,0,0.06,0
83064.79,1,1,0,0,0.96,1
1188.83,0,0,0,0,0.18,0
6264.1,0,0,0,0,0.08,0
40859.69,1,1,1,0,0.77,1
4678.77,0,0,0,0,0.1,0
2213.7,0,0,0,0,0.08,0
8559.17,0,0,0,0,0.12,0
9575.03,0,0,0,0,0.01,0
2363.34,0,0,0,0,0.09,0
2224.92,0,0,0,0,0.05,0
1734.36,0,0,0,0,0.09,0
72834.83,1,1,1,0,0.87,1
2168.97,0,0,0,0,0.06,0
43318.63,1,1,1,0,0.92,1
86095.08,1,1,1,1,0.93,1
30294.07,1,1,0,0,0.88,1
1282.95,0,0,0,0,0.04,0
3529.54,0,0,0,0,0.16,0
2471.56,0,0,0,0,0.16,0
2073.72,0,0,0,0,0.09,0
43832.32,1,1,0,1,0.88,1
4061.21,0,0,0,0,0.15,0
1833.54,0,0,0,0,0.07,0
3598.94,0,0,0,0,0.05,0
88534.68,1,1,0,0,0.98,1
2280.05,0,0,0,0,0.02,0
36814.63,1,1,1,0,0.98,1
75703.13,1,1,1,0,0.76,1
62105.51,1,1,1,1,0.81,1
12062.44,0,0,0,0,0.18,0
4748.26,0,0,0,0,0.02,0
70069.54,1,1,1,0,0.75,1
4591.37,0,0,0,0,0.18,0
50108.7,0,0,1,1,0.88,1
30936.17,1,0,1,0,0.92,1
3758.32,0,0,0,0,0.01,0
3225.02,0,0,0,0,0.11,0
10520.19,0,0,0,0,0.12,0
4420.32,0,0,0,0,0.18,0
706.34,0,0,0,0,0.12,0
4026.04,0,0,0,0,0.19,0
1417.69,0,0,0,0,0.01,0
3304.21,0,0,0,0,0.05,0
2475.57,0,0,0,0,0.19,0
3261.3,0,0,0,0,0.12,0
2688.91,0,0,0,0,0.16,0
3691.41,0,0,0,0,0.04,0
3825.97,0,0,0,0,0.04,0
2625.29,0,0,0,0,0.06,0
48403.89,0,0,1,1,0.78,1
1313.63,0,0,0,0,0.03,0
4178.93,0,0,0,0,0.14,0
3586.26,0,0,0,0,0.13,0
3049.98,0,0,0,0,0.11,0
59810.26,1,0,1,0,0.97,1
3618.24,0,0,0,0,0.02,0
72146.22,0,0,1,0,0.76,1
81419.97,0,0,1,1,0.89,1
71128.64,1,1,1,1,0.87,1
35163.54,1,0,1,0,0.78,1
4087.9,0,0,0,0,0.16,0
6684.05,0,0,0,0,0.12,0
5001.34,0,0,0,0,0.08,0
44104.59,1,1,1,1,0.78,1
2832.91,0,0,0,0,0.09,0
3458.22,0,0,0,0,0.1,0
4599.08,0,0,0,0,0.05,0
3615.67,0,0,0,0,0.09,0
3206.47,0,0,0,0,0.15,0
58485.86,1,0,0,0,0.87,1
2639.88,0,0,0,0,0.03,0
6500.2,0,0,0,0,0.05,0
3689.22,0,0,0,0,0.01,0
4465.59,0,0,0,0,0.14,0
3055.15,0,0,0,0,0.08,0
43365.77,1,0,1,1,0.81,1
3652.34,0,0,0,0,0.04,0
42853.28,1,1,1,0,0.89,1
4430.2,0,0,0,0,0.1,0
3570.45,0,0,0,0,0.14,0
81358.91,1,0,1,0,0.81,1
1531.32,0,0,0,0,0.15,0
6613.98,0,0,0,0,0.09,0
3426.24,0,0,0,0,0.1,0
1129.91,0,0,0,0,0.19,0
4328.47,0,0,0,0,0.18,0
7551.61,0,0,0,0,0.06,0
1271.82,0,0,0,0,0.2,0
35995.52,1,1,1,0,0.99,1
4404.36,0,0,0,0,0.11,0
2537.55,0,0,0,0,0.06,0
2145.44,0,0,0,0,0.01,0
4715.85,0,0,0,0,0.05,0
2240.91,0,0,0,0,0.14,0
1072.14,0,0,0,0,0.03,0
5307.06,0,0,0,0,0.07,0
2551.7,0,0,0,0,0.02,0
2013.11,0,0,0,0,0.12,0
1708.84,0,0,0,0,0.08,0
72256.2,1,1,1,0,0.87,1
2292.85,0,0,0,0,0.04,0
2429.72,0,0,0,0,0.07,0
63749.27,1,1,1,0,0.76,1
2499.55,0,0,0,0,0.11,0
76675.75,1,1,1,0,0.87,1
1081.35,0,0,0,0,0.03,0
47623.38,1,0,1,0,0.84,1
3978.13,0,0,0,0,0.18,0
2137.85,0,0,0,0,0.07,0
4062.06,0,0,0,0,0.09,0
5830.55,0,0,0,0,0.19,0
1230.41,0,0,0,0,0.18,0
3604.13,0,0,0,0,0.04,0
62901.87,1,1,1,0,0.88,1
1698.04,0,0,0,0,0.07,0
3824.05,0,0,0,0,0.17,0
7232.5,0,0,0,0,0.18,0
3897.71,0,0,0,0,0.15,0
1687.63,0,0,0,0,0.03,0
1138.71,0,0,0,0,0.13,0
4903.35,0,0,0,0,0.19,0
1803.42,0,0,0,0,0.1,0
499.84,0,0,0,0,0.16,0
4234.61,0,0,0,0,0.1,0
4315.48,0,0,0,0,0.15,0
3606.08,0,0,0,0,0.14,0
7362.18,0,0,0,0,0.03,0
3868.76,0,0,0,0,0.06,0
26973.0,1,1,0,0,0.82,1
2706.01,0,0,0,0,0.08,0
2739.07,0,0,0,0,0.19,0
1453.31,0,0,0,0,0.06,0
77694.43,1,1,0,1,0.98,1
4094.4,0,0,0,0,0.2,0
2667.71,0,0,0,0,0.0,0
1335.0,0,0,0,0,0.03,0
3813.08,0,0,0,0,0.16,0
1967.75,0,0,0,0,0.15,0
3199.38,0,0,0,0,0.02,0
2488.35,0,0,0,0,0.16,0
2421.9,0,0,0,0,0.06,0
2483.14,0,0,0,0,0.09,0
2682.89,0,0,0,0,0.11,0
45165.29,0,0,1,0,0.88,1
3081.97,0,0,0,0,0.15,0
74805.96,1,1,1,0,0.96,1
1752.1,0,0,0,0,0.07,0
1209.44,0,0,0,0,0.08,0
6569.4,0,0,0,0,0.16,0
3885.88,0,0,0,0,0.12,0
2965.82,0,0,0,0,0.05,0
3215.65,0,0,0,0,0.04,0
2222.85,0,0,0,0,0.14,0
2622.31,0,0,0,0,0.08,0
1233.71,0,0,0,0,0.18,0
4157.45,0,0,0,0,0.09,0
2220.12,0,0,0,0,0.17,0
3885.53,0,0,0,0,0.09,0
28204.14,0,0,0,0,0.87,1
5451.57,0,0,0,0,0.12,0
34064.27,1,1,1,1,0.91,1
1611.75,0,0,0,0,0.03,0
49113.29,0,0,1,0,0.89,1
3100.96,0,0,0,0,0.04,0
587.78,0,0,0,0,0.07,0
81418.68,1,1,1,0,0.94,1
974.04,0,0,0,0,0.05,0
2530.76,0,0,0,0,0.02,0
26137.38,1,0,0,0,0.76,1
3567.23,0,0,0,0,0.03,0
53275.95,1,1,1,0,0.9,1
2662.79,0,0,0,0,0.05,0
672.75,0,0,0,0,0.13,0
1853.58,0,0,0,0,0.08,0
6067.1,0,0,0,0,0.2,0
6659.31,0,0,0,0,0.09,0
518.34,0,0,0,0,0.08,0
3219.66,0,0,0,0,0.12,0
3740.08,0,0,0,0,0.12,0
3235.42,0,0,0,0,0.12,0
68050.66,1,1,1,0,0.98,1
79705.43,1,1,1,0,0.8,1
967.87,0,0,0,0,0.08,0
2516.63,0,0,0,0,0.11,0
4732.58,0,0,0,0,0.13,0
4527.64,0,0,0,0,0.17,0
2738.12,0,0,0,0,0.17,0
1930.27,0,0,0,0,0.02,0
82013.29,1,0,0,0,0.83,1
1759.25,0,0,0,0,0.18,0
1459.82,0,0,0,0,0.04,0
1526.24,0,0,0,0,0.11,0
4879.38,0,0,0,0,0.03,0
1329.36,0,0,0,0,0.0,0
7416.23,0,0,0,0,0.02,0
3855.43,0,0,0,0,0.02,0
1602.54,0,0,0,0,0.06,0
78381.86,1,1,0,0,0.97,1
6074.43,0,0,0,0,0.11,0
3160.65,0,0,0,0,0.1,0
1808.92,0,0,0,0,0.02,0
2004.09,0,0,0,0,0.02,0
1238.7,0,0,0,0,0.12,0
1704.11,0,0,0,0,0.14,0
851.62,0,0,0,0,0.07,0
3618.65,0,0,0,0,0.04,0
2221.24,0,0,0,0,0.04,0
3652.59,0,0,0,0,0.08,0
5008.65,0,0,0,0,0.15,0
822.08,0,0,0,0,0.07,0
3456.14,0,0,0,0,0.16,0
1977.06,0,0,0,0,0.01,0
1956.06,0,0,0,0,0.11,0
4340.34,0,0,0,0,0.01,0
1055.31,0,0,0,0,0.07,0
70039.81,1,0,1,0,0.85,1
2027.37,0,0,0,0,0.06,0
2369.95,0,0,0,0,0.03,0
3715.73,0,0,0,0,0.09,0
6805.68,0,0,0,0,0.07,0
3263.74,0,0,0,0,0.11,0
1770.04,0,0,0,0,0.14,0
67221.14,1,1,0,0,0.76,1
4249.64,0,0,0,0,0.02,0
88216.94,1,1,1,0,0.96,1
1546.71,0,0,0,0,0.02,0
2930.28,0,0,0,0,0.05,0
1405.99,0,0,0,0,0.16,0
60412.07,1,1,1,0,0.91,1
2100.4,0,0,0,0,0.18,0
853.38,0,0,0,0,0.01,0
2192.26,0,0,0,0,0.03,0
41746.08,1,1,1,0,0.86,1
5091.2,0,0,0,0,0.14,0
2417.31,0,0,0,0,0.04,0
2133.35,0,0,0,0,0.18,0
1667.3,0,0,0,0,0.12,0
2272.71,0,0,0,0,0.05,0
2701.35,0,0,0,0,0.01,0
2152.57,0,0,0,0,0.15,0
984.8,0,0,0,0,0.01,0
2455.39,0,0,0,0,0.01,0
1905.56,0,0,0,0,0.09,0
3691.09,0,0,0,0,0.14,0
736.93,0,0,0,0,0.13,0
1577.2,0,0,0,0,0.05,0
2018.35,0,0,0,0,0.19,0
5480.54,0,0,0,0,0.03,0
2007.17,0,0,0,0,0.16,0
7107.67,0,0,0,0,0.09,0
7804.54,0,0,0,0,0.15,0
4896.98,0,0,0,0,0.19,0
3355.28,0,0,0,0,0.0,0
2515.01,0,0,0,0,0.05,0
35043.85,0,0,1,0,0.93,1
3928.66,0,0,0,0,0.07,0
58179.91,1,0,1,0,0.89,1
7154.84,0,0,0,0,0.13,0
4632.58,0,0,0,0,0.2,0
1661.58,0,0,0,0,0.15,0
2939.95,0,0,0,0,0.12,0
3804.02,0,0,0,0,0.18,0
1194.93,0,0,0,0,0.06,0
8351.9,0,0,0,0,0.04,0
4509.24,0,0,0,0,0.18,0
2881.09,0,0,0,0,0.06,0
89228.06,1,1,1,1,0.89,1
2369.91,0,0,0,0,0.03,0
64737.21,1,1,1,1,0.87,1
4947.03,0,0,0,0,0.07,0
5820.02,0,0,0,0,0.05,0
3418.03,0,0,0,0,0.18,0
7442.49,0,0,0,0,0.06,0
3968.21,0,0,0,0,0.12,0
4357.59,0,0,0,0,0.14,0
